{ "columns":0,
 "grid":
    {
     "height":1,
     "orientation":"orthogonal",
     "width":1
    },
 "margin":0,
 "name":"grass",
 "spacing":0,
 "tilecount":19,
 "tiledversion":"1.4.3",
 "tileheight":128,
 "tiles":[
        {
         "id":0,
         "image":"..\/images\/tiles\/grass.png",
         "imageheight":128,
         "imagewidth":128
        }, 
        {
         "id":1,
         "image":"..\/images\/tiles\/grass_sprout.png",
         "imageheight":128,
         "imagewidth":128
        }, 
        {
         "id":2,
         "image":"..\/images\/tiles\/grassCenter.png",
         "imageheight":128,
         "imagewidth":128
        }, 
        {
         "id":3,
         "image":"..\/images\/tiles\/grassCenter_round.png",
         "imageheight":128,
         "imagewidth":128
        }, 
        {
         "id":4,
         "image":"..\/images\/tiles\/grassCliff_left.png",
         "imageheight":128,
         "imagewidth":128
        }, 
        {
         "id":5,
         "image":"..\/images\/tiles\/grassCliff_right.png",
         "imageheight":128,
         "imagewidth":128
        }, 
        {
         "id":6,
         "image":"..\/images\/tiles\/grassCliffAlt_left.png",
         "imageheight":128,
         "imagewidth":128
        }, 
        {
         "id":7,
         "image":"..\/images\/tiles\/grassCliffAlt_right.png",
         "imageheight":128,
         "imagewidth":128
        }, 
        {
         "id":8,
         "image":"..\/images\/tiles\/grassCorner_left.png",
         "imageheight":128,
         "imagewidth":128
        }, 
        {
         "id":9,
         "image":"..\/images\/tiles\/grassCorner_right.png",
         "imageheight":128,
         "imagewidth":128
        }, 
        {
         "id":10,
         "image":"..\/images\/tiles\/grassHalf.png",
         "imageheight":128,
         "imagewidth":128
        }, 
        {
         "id":11,
         "image":"..\/images\/tiles\/grassHalf_left.png",
         "imageheight":128,
         "imagewidth":128
        }, 
        {
         "id":12,
         "image":"..\/images\/tiles\/grassHalf_mid.png",
         "imageheight":128,
         "imagewidth":128
        }, 
        {
         "id":13,
         "image":"..\/images\/tiles\/grassHalf_right.png",
         "imageheight":128,
         "imagewidth":128
        }, 
        {
         "id":14,
         "image":"..\/images\/tiles\/grassHill_left.png",
         "imageheight":128,
         "imagewidth":128,
         "objectgroup":
            {
             "draworder":"index",
             "name":"",
             "objects":[
                    {
                     "height":0,
                     "id":1,
                     "name":"",
                     "polygon":[
                            {
                             "x":0,
                             "y":0
                            }, 
                            {
                             "x":128,
                             "y":128
                            }, 
                            {
                             "x":0,
                             "y":128
                            }],
                     "rotation":0,
                     "type":"",
                     "visible":true,
                     "width":0,
                     "x":0,
                     "y":0
                    }],
             "opacity":1,
             "type":"objectgroup",
             "visible":true,
             "x":0,
             "y":0
            }
        }, 
        {
         "id":15,
         "image":"..\/images\/tiles\/grassHill_right.png",
         "imageheight":128,
         "imagewidth":128,
         "objectgroup":
            {
             "draworder":"index",
             "name":"",
             "objects":[
                    {
                     "height":0,
                     "id":1,
                     "name":"",
                     "polygon":[
                            {
                             "x":0,
                             "y":0
                            }, 
                            {
                             "x":128,
                             "y":-128
                            }, 
                            {
                             "x":128,
                             "y":0
                            }],
                     "rotation":0,
                     "type":"",
                     "visible":true,
                     "width":0,
                     "x":0,
                     "y":128
                    }],
             "opacity":1,
             "type":"objectgroup",
             "visible":true,
             "x":0,
             "y":0
            }
        }, 
        {
         "id":16,
         "image":"..\/images\/tiles\/grassLeft.png",
         "imageheight":128,
         "imagewidth":128,
         "objectgroup":
            {
             "draworder":"index",
             "name":"",
             "objects":[
                    {
                     "height":128,
                     "id":4,
                     "name":"",
                     "rotation":0,
                     "type":"",
                     "visible":true,
                     "width":128,
                     "x":0,
                     "y":0
                    }],
             "opacity":1,
             "type":"objectgroup",
             "visible":true,
             "x":0,
             "y":0
            }
        }, 
        {
         "id":17,
         "image":"..\/images\/tiles\/grassMid.png",
         "imageheight":128,
         "imagewidth":128
        }, 
        {
         "id":18,
         "image":"..\/images\/tiles\/grassRight.png",
         "imageheight":128,
         "imagewidth":128
        }],
 "tilewidth":128,
 "type":"tileset",
 "version":1.4
}