{ "backgroundcolor":"#8291e9",
 "compressionlevel":-1,
 "height":20,
 "infinite":false,
 "layers":[
        {
         "compression":"zlib",
         "data":"eJztlOsKgCAMRhfZ\/fKv93\/VjBxU6JzN0MAPPqKwdThZACUlJZJMqQFe5q\/cVDbdwXSNMC83Rz6e3Hi5qcxxNgXH+RfhOKv8S5KGw7dcKp3rcobXn\/d95Y8z17ZGytPB+Y9pA59t8+bjC\/2mD7ZGt9ZVQDPG8kfNQVdYZMNSjJz9J+G7uqKqwP6+Y+1r2xwuG+Wyh7v7mA1le7ocdXco3AME",
         "encoding":"base64",
         "height":20,
         "id":1,
         "name":"Platforms",
         "opacity":1,
         "type":"tilelayer",
         "visible":true,
         "width":40,
         "x":0,
         "y":0
        }, 
        {
         "compression":"zlib",
         "data":"eJzt0NEJADAIA1Fx\/6H7XxChSL1A3gSXRJix5XbAI9XuTsbcNtpHXQ+tt3J3bnarfEZSfUb8ktREalHmH+2HA8\/4AB8=",
         "encoding":"base64",
         "height":20,
         "id":2,
         "name":"Coins",
         "opacity":1,
         "type":"tilelayer",
         "visible":true,
         "width":40,
         "x":0,
         "y":0
        }, 
        {
         "compression":"zlib",
         "data":"eJzt0UENAAAIA7GpwL9UDPAngVbBZUsAALiotgOem\/b3SdJz+ABD",
         "encoding":"base64",
         "height":20,
         "id":3,
         "name":"Bombs",
         "opacity":1,
         "type":"tilelayer",
         "visible":true,
         "width":40,
         "x":0,
         "y":0
        }],
 "nextlayerid":4,
 "nextobjectid":1,
 "orientation":"orthogonal",
 "renderorder":"right-down",
 "tiledversion":"1.4.3",
 "tileheight":128,
 "tilesets":[
        {
         "firstgid":1,
         "source":"standard_tileset.json"
        }],
 "tilewidth":128,
 "type":"map",
 "version":1.4,
 "width":40
}