{ "columns":0,
 "grid":
    {
     "height":1,
     "orientation":"orthogonal",
     "width":1
    },
 "margin":0,
 "name":"standard_tileset",
 "spacing":0,
 "tilecount":22,
 "tiledversion":"1.4.3",
 "tileheight":128,
 "tiles":[
        {
         "id":0,
         "image":"..\/images\/tiles\/boxCrate_double.png",
         "imageheight":128,
         "imagewidth":128
        }, 
        {
         "id":1,
         "image":"..\/images\/items\/coinGold.png",
         "imageheight":128,
         "imagewidth":128
        }, 
        {
         "id":2,
         "image":"..\/images\/tiles\/grassCenter.png",
         "imageheight":128,
         "imagewidth":128
        }, 
        {
         "id":3,
         "image":"..\/images\/tiles\/grassCorner_left.png",
         "imageheight":128,
         "imagewidth":128
        }, 
        {
         "id":4,
         "image":"..\/images\/tiles\/grassCorner_right.png",
         "imageheight":128,
         "imagewidth":128
        }, 
        {
         "id":5,
         "image":"..\/images\/tiles\/grassHill_left.png",
         "imageheight":128,
         "imagewidth":128
        }, 
        {
         "id":6,
         "image":"..\/images\/tiles\/grassHill_right.png",
         "imageheight":128,
         "imagewidth":128
        }, 
        {
         "id":7,
         "image":"..\/images\/tiles\/grassLeft.png",
         "imageheight":128,
         "imagewidth":128
        }, 
        {
         "id":8,
         "image":"..\/images\/tiles\/grassMid.png",
         "imageheight":128,
         "imagewidth":128
        }, 
        {
         "id":9,
         "image":"..\/images\/tiles\/grassRight.png",
         "imageheight":128,
         "imagewidth":128
        }, 
        {
         "id":10,
         "image":"..\/images\/tiles\/stoneHalf.png",
         "imageheight":128,
         "imagewidth":128,
         "objectgroup":
            {
             "draworder":"index",
             "name":"",
             "objects":[
                    {
                     "height":0,
                     "id":1,
                     "name":"",
                     "polygon":[
                            {
                             "x":0,
                             "y":0
                            }, 
                            {
                             "x":10.3636,
                             "y":-12.7273
                            }, 
                            {
                             "x":117.818,
                             "y":-12.3636
                            }, 
                            {
                             "x":127.091,
                             "y":0.363636
                            }, 
                            {
                             "x":127.091,
                             "y":48.3636
                            }, 
                            {
                             "x":116.909,
                             "y":58.9091
                            }, 
                            {
                             "x":9.45455,
                             "y":59.4545
                            }, 
                            {
                             "x":0,
                             "y":47.0909
                            }],
                     "rotation":0,
                     "type":"",
                     "visible":true,
                     "width":0,
                     "x":0.363636,
                     "y":12.9091
                    }],
             "opacity":1,
             "type":"objectgroup",
             "visible":true,
             "x":0,
             "y":0
            }
        }, 
        {
         "id":11,
         "image":"..\/images\/tiles\/bridgeA.png",
         "imageheight":128,
         "imagewidth":128
        }, 
        {
         "id":12,
         "image":"..\/images\/tiles\/bridgeB.png",
         "imageheight":128,
         "imagewidth":128
        }, 
        {
         "id":13,
         "image":"..\/images\/tiles\/grassCliff_right.png",
         "imageheight":128,
         "imagewidth":128
        }, 
        {
         "id":14,
         "image":"..\/images\/tiles\/grassCliffAlt_left.png",
         "imageheight":128,
         "imagewidth":128
        }, 
        {
         "id":15,
         "image":"..\/images\/tiles\/grassCliffAlt_right.png",
         "imageheight":128,
         "imagewidth":128
        }, 
        {
         "id":16,
         "image":"..\/images\/tiles\/grassHalf.png",
         "imageheight":128,
         "imagewidth":128
        }, 
        {
         "id":17,
         "image":"..\/images\/tiles\/grassHalf_left.png",
         "imageheight":128,
         "imagewidth":128
        }, 
        {
         "id":18,
         "image":"..\/images\/tiles\/grass.png",
         "imageheight":128,
         "imagewidth":128
        }, 
        {
         "id":19,
         "image":"..\/images\/tiles\/grassCenter_round.png",
         "imageheight":128,
         "imagewidth":128
        }, 
        {
         "id":20,
         "image":"..\/images\/tiles\/grassCliff_left.png",
         "imageheight":128,
         "imagewidth":128
        }, 
        {
         "id":21,
         "image":"..\/images\/tiles\/bomb.png",
         "imageheight":128,
         "imagewidth":128
        }],
 "tilewidth":128,
 "type":"tileset",
 "version":1.4
}